train_loss,epoch,step
-0.8696917295455933,0,0
-1.3496012687683105,1,1
-1.7701964378356934,2,2
