train_loss,epoch,step
-1.8873687982559204,0,0
-2.4888293743133545,1,1
-2.9042062759399414,2,2
