train_loss,epoch,step
-0.6629322171211243,0,0
-0.7592130899429321,1,1
-1.1880968809127808,2,2
