train_loss,epoch,step
1.7461858987808228,0,0
1.226205587387085,1,1
0.7783992290496826,2,2
