train_loss,epoch,step
0.6711692810058594,0,0
-0.046582430601119995,1,1
-0.4325934052467346,2,2
