train_loss,epoch,step
-1.9482617378234863,0,0
-2.45009446144104,1,1
-3.1272454261779785,2,2
