train_loss,epoch,step
-2.389554977416992,0,0
-2.892864942550659,1,1
-3.640882730484009,2,2
