train_loss,epoch,step
-0.16993315517902374,0,0
-0.571036696434021,1,1
-0.6516097784042358,2,2
