train_loss,epoch,step
-2.061581611633301,0,0
-2.315063714981079,1,1
-2.586428642272949,2,2
