train_loss,epoch,step
0.5839771032333374,0,0
0.06586195528507233,1,1
-0.006011754274368286,2,2
