train_loss,epoch,step
2.2600274085998535,0,0
1.5372694730758667,1,1
0.49692267179489136,2,2
