train_loss,epoch,step
0.5470481514930725,0,0
0.2657043933868408,1,1
-0.180820032954216,2,2
