train_loss,epoch,step
0.5060815215110779,0,0
0.23885123431682587,1,1
0.0217048991471529,2,2
