train_loss,epoch,step
2.8952109813690186,0,0
2.5628859996795654,1,1
2.347703456878662,2,2
