train_loss,epoch,step
-0.3385075032711029,0,0
-0.8513149619102478,1,1
-0.8501455783843994,2,2
