train_loss,epoch,step
0.9367220401763916,0,0
0.36409685015678406,1,1
-0.212480828166008,2,2
