train_loss,epoch,step
1.977338433265686,0,0
1.3788825273513794,1,1
1.153003215789795,2,2
