train_loss,epoch,step
-3.2687082290649414,0,0
-3.587315320968628,1,1
-3.641648769378662,2,2
