train_loss,epoch,step
0.7970045208930969,0,0
0.7002196907997131,1,1
0.5207111239433289,2,2
