train_loss,epoch,step
3.4109363555908203,0,0
2.809899091720581,1,1
2.2244417667388916,2,2
