train_loss,epoch,step
1.377000093460083,0,0
1.1729313135147095,1,1
1.0159937143325806,2,2
