train_loss,epoch,step
-0.3563484847545624,0,0
-0.6875311732292175,1,1
-0.9722818732261658,2,2
