train_loss,epoch,step
4.553038597106934,0,0
4.032629013061523,1,1
3.6515519618988037,2,2
