train_loss,epoch,step
4.0457682609558105,0,0
3.514078140258789,1,1
2.9584033489227295,2,2
