train_loss,epoch,step
-2.7244951725006104,0,0
-3.2009363174438477,1,1
-3.5207791328430176,2,2
