train_loss,epoch,step
-0.46807363629341125,0,0
-0.9042765498161316,1,1
-1.3762261867523193,2,2
