train_loss,epoch,step
1.7943384647369385,0,0
1.6064995527267456,1,1
1.9186362028121948,2,2
