train_loss,epoch,step
2.1680870056152344,0,0
1.901328444480896,1,1
1.6966578960418701,2,2
