train_loss,epoch,step
-2.2534523010253906,0,0
-2.6260006427764893,1,1
-3.076044797897339,2,2
