train_loss,epoch,step
2.7399299144744873,0,0
2.544956684112549,1,1
2.4124574661254883,2,2
