train_loss,epoch,step
-1.7775752544403076,0,0
-2.164107084274292,1,1
-2.576378345489502,2,2
