train_loss,epoch,step
-2.5456912517547607,0,0
-2.9065396785736084,1,1
-3.0057995319366455,2,2
