train_loss,epoch,step
2.9660661220550537,0,0
2.5344486236572266,1,1
2.134779453277588,2,2
