train_loss,epoch,step
2.3550260066986084,0,0
1.880247950553894,1,1
1.6634297370910645,2,2
